UserEmail,Password
tvasin0@smh.com.au,RgJeNxyOyiY
lcordy1@prnewswire.com,ExCdcwff62MU
pchesher2@howstuffworks.com,I19k6gWqSG
mmounter3@hp.com,qBvejIc
acollomosse4@si.edu,gUTFWMlgEa4S
vstickings5@disqus.com,Q5okF5XCaloE
frumford6@ted.com,XpdsDP085Un
spetchey7@unicef.org,8J2xiH
tganniclifft8@usnews.com,ULU9LFEtuCKH
atowson9@1688.com,slyWvJmBidX
narrighia@oakley.com,d6M7W0bLCbuu
kglenisterb@sciencedirect.com,Ykhph8fOj
kvickerc@yahoo.co.jp,FxiEw5b8BD
thedinghamd@drupal.org,VBxiCCJaAIeC
bjentone@instagram.com,QOII83
ariordanf@bbc.co.uk,TJzrLauo1
sboyatg@jugem.jp,MfNCabpg56vp
fnuttyh@narod.ru,H4Mz8nNr
kfreegardi@webeden.co.uk,Q590xc
posbidstonj@sbwire.com,61yWyX
etefftk@cisco.com,N6khdQOCJ1
dfreanl@amazon.de,jH5NIlr
osibbornm@jugem.jp,LZmtcGA8L
jgothern@examiner.com,4Wo4l6P4Y
oherrieveno@constantcontact.com,a0Egsf
psuddardsp@arstechnica.com,ja8wAUtnQpa
tchristolq@nps.gov,ipIkR89ZX
gmaccrawr@freewebs.com,oLydUNf4
stretters@mashable.com,AQqzBO2mTEkB
pfidelust@yandex.ru,FtyXBiX2
cou@wikia.com,onsaH8P
btierneyv@narod.ru,F8oDuREM70m
ubothew@foxnews.com,mCTNb2zq0
fhibbartx@tamu.edu,gbxekmtP
liscowitzy@alibaba.com,U1Y2EPV
hbeldenz@shinystat.com,lwYBCG4t9ceh
kstirtle10@cnbc.com,U2ZaqcvhR
rdoran11@etsy.com,X4EWHR
cziebart12@house.gov,XORQZztbOx
kjillis13@qq.com,cVoUsOeHY0r
htukely14@elegantthemes.com,PjMyLdpiqX
mtowse15@bluehost.com,OTxojZp
rcovell16@bigcartel.com,6ZW5QY9pDaJe
pralton17@multiply.com,4sajhE
sgutcher18@hatena.ne.jp,UmsmAk11VsU
aocullinane19@hao123.com,Pk4J2B1fo
dentwhistle1a@freewebs.com,mPElgSOgB1j
gburleigh1b@xing.com,2Uu59SgJ
wpayn1c@google.pl,rSCJAb
hdurdle1d@opera.com,Ql6t3oxzmweU
gbeamont1e@fema.gov,6X7ZsHu88bbK
mletterese1f@reference.com,7BFcUiO
avon1g@exblog.jp,KPud6MShkEZ
jfilpo1h@arstechnica.com,7rZQIz
asempill1i@umn.edu,Hf621rtt1KDB
whallut1j@cpanel.net,iQdYJhEJD
joneal1k@unblog.fr,01U1BK0P1
mmaypes1l@angelfire.com,FApxqO
sfairbairn1m@weebly.com,iaIKT8Ez
bdimblebee1n@wufoo.com,jw2hh0mKa
elamberto1o@vistaprint.com,2r7jG1XeuX
gcasarini1p@shutterfly.com,6uSuHrFJSGGr
gfreathy1q@arstechnica.com,otOuxIQCJ
jiannuzzi1r@reference.com,5wYrQdZwjfpB
mlitzmann1s@epa.gov,4141lMv1X
bportman1t@dyndns.org,mrQ22sRi
lmeatyard1u@github.com,bYFmTBcwml
rreeks1v@jiathis.com,IcIuamZ
tgwinn1w@posterous.com,hssFQgkwotB
cpidgeon1x@t-online.de,d5kHfV4Qiiy
jbeviss1y@rakuten.co.jp,tyZgUr7
mmargett1z@naver.com,FVnaei
floomis20@fastcompany.com,CaD1fV
iartharg21@163.com,UYxRz2muyn
hbedbury22@mozilla.com,UPLPxJtgLat
rmurray23@hubpages.com,EHcyRxPr5
btregaskis24@blogspot.com,HTaP6fezdKnI
pdadd25@skype.com,cmvrzMl9e
gbaszkiewicz26@networksolutions.com,lVSRExHMdGE
tesposi27@cbsnews.com,HWL3GuT
lmatkin28@wiley.com,o0QZCkjxYdV
fdiggar29@barnesandnoble.com,7rJMhkVcdlTa
lharrington2a@gmpg.org,0WQsQH
edenyagin2b@huffingtonpost.com,MvstojW0IBTY
dwoodall2c@blog.com,9lratsEpZ
phosier2d@hao123.com,XpHoJllXQsdB
mbelli2e@guardian.co.uk,FEwBaImnf
avousden2f@netlog.com,jAQCVK0BU
cstrephan2g@purevolume.com,G0KXH7zqdavt
fsawden2h@bandcamp.com,GLi7V2R9eDd
egansbuhler2i@apple.com,T8sXgHhKXh5
ldewire2j@walmart.com,LS1IpHA9a
ohailston2k@shutterfly.com,i3Ome1P7
gbrittan2l@yandex.ru,AONRDv7Hb
fbremley2m@cbsnews.com,6lxI8lndu
tleech2n@baidu.com,BEHYRw2Q
amoylan2o@sphinn.com,yF9aBbK4jkQu
ndeek2p@wiley.com,B1ivqNxdhiv
mlovering2q@loc.gov,I3ZpzEXm
ewadeling2r@mapy.cz,QzYfqXbB
