PCID,CreatorType
3d79c85a-92da-432e-9470-3e5abd994b61,Student
42401056-2ac6-4524-9f48-3799a000bde7,Student
ae0c673e-5803-496f-8e68-a50bb762d4e5,Student
45ed92d2-89c1-495f-afbd-286979ee024f,Student
4a5ce99c-28dd-4ca9-934b-e8bfaa3a4ae3,Student
24f63274-8ad6-446c-884e-ed16dee0dc68,Student
a60da48e-c1cd-48e4-a106-df8ad4fe40a7,Student
edc7be2f-948a-4a76-a1fc-4e24cab4fde3,Student
088504a2-5b70-43ae-a4cd-3375f4907aab,Student
82909b1b-c700-4b09-b7d4-56e4b11ad959,Student
c44497fd-6224-4126-afd9-bb194714721c,Student
2eb2e394-a557-4c45-8b94-b68a19d7f793,Student
48d0eb3c-83db-4d59-948a-8268ea9d86d1,Student
bc7d4987-48d6-4ee1-97d2-e16ee11c837f,Student
c70dc713-dee4-4cde-8436-69cc2844b74f,Student
42ed9d92-5a68-48e7-b00b-434cdd97734f,Student
db5d470c-9702-4c42-8ddc-7e49f067c410,Student
73b65bf1-7225-4971-9f6a-0c1f4bed9a2a,Student
e1025a03-7981-477f-b6c6-655ab2abbbb9,Student
ecca4960-e85f-4069-bb19-39a77e4bf02a,Student
c3adc4f1-e7e9-4e07-9a65-93a758d5d485,Student
d0195a00-5267-4153-89ac-aaaf66d1dd58,Student
471aed8b-bea3-46e2-9199-5d754b50aaa7,Student
07b11be4-0d82-42c6-b050-1e4a3eed536e,Student
95af5c7c-acce-434c-903c-0c07c2c2c299,Student
969878d6-9595-4d9e-8b39-1cef6266dea3,Student
7925d0f1-42a6-455a-9f6c-9162403afef4,Student
5c318b33-418b-4cb3-be5a-49d0fc58bf80,Student
624fc753-c8b7-4b4f-9123-f54cb14c9cde,Student
a5662fce-2ccb-40bd-b1ad-b29b29fde6a7,Student
7c467743-7455-49ea-ab0d-3893933a3133,Student
989b283f-cbe8-44a5-9a18-326ea8659c6a,Student
11f788af-d489-4533-abd7-b0eb5262fb3e,Student
58b3a5b4-0d5c-4175-b608-27c3c9f5faec,Student
b7efbe81-af33-4b1b-9126-c752c8f8fc86,Student
de9cc6cd-f68b-47f9-9f7f-b306dad05c11,Student
a7746b8f-2396-4ae3-83c9-b283eac44b55,Student
97014508-e4ae-44a7-86b6-636b8deaff2e,Student
3148e902-7802-4425-9862-05694dfa27a0,Student
02da402e-9dc0-4f70-b034-b1d6c83b2cbf,Student
de762e30-b349-43e6-b28c-f3e01bee7581,Student
b44f9110-2427-4b41-88df-d762b3f7eb0d,Student
37d47285-d67a-4950-9f2e-9fdb024171d2,Student
3eefe2ac-437b-48bf-b838-eb80e35e2a9d,Student
c077850a-5b7f-427a-85ba-8019f391b877,Student
236b042f-0b92-469e-a6ea-5ba2a4833352,Student
ce4cf383-0a6f-4f37-90bf-de574c68d005,Student
933e421b-9b98-4b54-99aa-729763390f9f,Student
bb3d7b2a-23a1-4fc2-8f84-6b1bb5cf5c5e,Student
fece8033-505a-4ba2-a2f7-e7bc6785c08e,Student
e99c2f7f-d41a-4090-83ce-9a8f352524ae,Student
214f6c03-a6da-4064-82bd-1aa770b5c67a,Student
2772b893-e267-4883-81cc-a6514766e415,Student
be6fc92c-358e-4af6-87a3-e438bdfc0de5,Student
49d82c0b-1115-4180-ba01-1dab3f7ba914,Student
3f4ad1f9-c8e1-490e-9654-022ca37d19db,Student
2e3c3947-cfde-4fbd-96f3-e93287f820db,Student
2760e851-de6f-46d4-b039-1f42b33ebf0a,Student
3e20e8c2-ff1e-42c2-b4bf-af23facdace6,Student
2ab2449c-9977-4c8f-902c-96323b5c90a2,Student
1398cb09-29d9-4a38-9399-358c088a8cda,Student
4ad18eec-ad95-49e7-a079-5a2c2cfcab8f,Student
28ef9fdd-0c35-4666-a0ad-48a85b703c17,Student
c2530993-073f-4ba1-bdc5-11482cd4b232,Student
af015b17-fcac-45a9-8cc9-729bbbf1b206,Student
36132587-43e3-4de9-8f91-0362345ac492,Student
1c6da984-36b4-4995-bd0d-3b3aef152054,Student
5408474b-20b9-4757-849f-5ae9fcc8e0f9,Student
f1ae80c9-0714-4167-8ecf-509a59f77a90,Student
3254c45f-84de-468a-bfea-7825bd0dc9d5,Student
4a308aaf-9f02-4c25-a892-d63792b0abfc,Student
cce30c32-62e3-4134-82e2-fc38d5bdd73b,Student
0526fcd5-53de-43e7-abae-15face93beac,Student
389f1747-0936-408b-bc0c-8ff5b4d867f1,Student
c9d045c7-f7dc-4f9b-ac55-cd624f12ea72,Student
9806543c-d897-48da-b8e8-1f6e62764fff,Instructor
af7074fa-1227-498c-a668-7bb6517d8953,Instructor
df91be06-50da-4075-9e06-43d9e7fdd639,Instructor
228bd990-e173-4130-8966-78d6b91699de,Instructor
783157ba-0662-4b56-b1ab-55a5150294b4,Instructor
dd1c0329-5f2b-4728-8b57-51df051b27a1,Instructor
2a9b41a7-e1b7-44f1-99b3-124644d66185,Instructor
33ac03ff-ffc2-4d93-905a-267924dfa293,Instructor
246ecf85-356e-4652-b58e-3c6ba954248e,Instructor
3bf34771-f291-430b-95fd-ccc13a825757,Instructor
a7a65a55-5df9-4c4a-825b-e000bca7ff83,Instructor
506bec22-f70a-400d-b0dc-d297b2ca8f50,Instructor
9b1d4d47-c0b4-48c9-96b6-c4f2e2bfb792,Instructor
30d2415e-d308-4af8-a554-2b24aba341c5,Instructor
775a97cc-f176-4065-9bd4-a0216d64db16,Instructor
92e3524d-48b3-433d-b43e-8e050db53a3a,Instructor
7d437d9b-54f8-4e2a-adba-f21a2174b047,Instructor
b1f00e14-6744-47bf-8a42-c1639e6e9524,Instructor
c96bad9c-fe95-46ae-87dc-9b52a3bde25e,Instructor
cc63401b-6f30-45a5-81cf-608397b5c37b,Instructor
9fbbb426-4f63-45d2-8a9d-aaa0e297001e,Instructor
51df5f77-b1d4-461d-9191-5ae03efad395,Instructor
f07fd665-d87d-4373-9d5d-9b720c04a8a4,Instructor
40ac3a9e-4f38-4441-a128-df919a939ea9,Instructor
843739bb-75b3-487f-bffd-12cb7e7c17c9,Instructor
