ThreadID,Tag
c7e4f3b9-6d5d-48a3-a859-4a2164f9577a,Homework Solution
c7e4f3b9-6d5d-48a3-a859-4a2164f9577a,Announcement
042c817a-b186-438d-b494-1869aa39e410,Question
042c817a-b186-438d-b494-1869aa39e410,Lecture Notes
042c817a-b186-438d-b494-1869aa39e410,Homework Solution
7cb52507-9a79-4d35-a675-7ea2db1d30bf,Lecture Notes
eeec72f5-29ac-405f-b263-954a71ac6c72,Question
eeec72f5-29ac-405f-b263-954a71ac6c72,General Announcement
c746241b-25fb-4061-9b94-1002dd319ea0,Announcement
c746241b-25fb-4061-9b94-1002dd319ea0,Homework
c746241b-25fb-4061-9b94-1002dd319ea0,General Announcement
e2f80818-0e3b-4d23-b41e-cb00f0f9ae37,Homework
e5f2a46f-3268-4b31-a3e9-6c7b690e76c0,Question
a903ebdc-e090-4c96-8ef3-f4d67ffa58d9,Homework Solution
a903ebdc-e090-4c96-8ef3-f4d67ffa58d9,Lecture Notes
9f4b1e0d-7bac-4e21-ac8d-e5b4252c5ebc,Question
9f4b1e0d-7bac-4e21-ac8d-e5b4252c5ebc,Announcement
9f4b1e0d-7bac-4e21-ac8d-e5b4252c5ebc,Homework Solution
090d0e70-43b9-464a-b308-685b8f01ddc9,Lecture Notes
8932fc26-21b1-4386-8abe-f30c7fbc88b5,Homework Solution
8932fc26-21b1-4386-8abe-f30c7fbc88b5,General Announcement
8932fc26-21b1-4386-8abe-f30c7fbc88b5,Question
4d4ac60d-3825-41bc-af0a-86e521847990,Announcement
4d4ac60d-3825-41bc-af0a-86e521847990,General Announcement
4d4ac60d-3825-41bc-af0a-86e521847990,Homework Solution
0fba6d10-eb81-4f81-a44c-8cb496921e47,General Announcement
0fba6d10-eb81-4f81-a44c-8cb496921e47,Announcement
d47c62d5-d2e5-4f03-96bb-29c7814312db,Question
d47c62d5-d2e5-4f03-96bb-29c7814312db,Homework
