UserID,UserName,UserEmail
babb1ee8-0a4c-407e-b57e-1a0a1a74a86e,Tonnie Vasin,tvasin0@smh.com.au
41c998a7-e366-4a11-a78a-b5c811315f8f,Laurene Cordy,lcordy1@prnewswire.com
a5475f50-351d-41db-a528-e4a214e43a52,Penrod Chesher,pchesher2@howstuffworks.com
b5337e9d-b0d1-4ef1-9e21-808fce5b1668,Merna Mounter,mmounter3@hp.com
eff073c6-9d40-44e0-84f9-fb9d75801ad3,Amara Collomosse,acollomosse4@si.edu
fa1d0b8a-e557-406f-8643-744a5c4c1f0b,Virgilio Stickings,vstickings5@disqus.com
196d44f2-e1f5-4d26-8b1e-5a51aaa20d10,Flore Rumford,frumford6@ted.com
59560743-e515-4202-9aca-83959f7d7a12,Suzi Petchey,spetchey7@unicef.org
fd55459e-b0bb-489d-a8d2-7e68ca70c091,Tanny Ganniclifft,tganniclifft8@usnews.com
590827da-c4b7-414b-ae0a-1d8c58313d51,Agna Towson,atowson9@1688.com
efb16bae-a92c-44fb-bff3-48b0559f879e,Nevile Arrighi,narrighia@oakley.com
c0c02418-ddfc-489e-94dc-4ee01b0bf23d,Karry Glenister,kglenisterb@sciencedirect.com
1efcdeb6-ed47-4e89-9b31-879674a2e61d,Kerri Vicker,kvickerc@yahoo.co.jp
6cbb759e-a8ca-4714-b4d0-03a4c22a8c77,Thoma Hedingham,thedinghamd@drupal.org
9df6207a-8415-49a2-bd53-d5805106826a,Bail Jenton,bjentone@instagram.com
feac4131-b0a4-4940-8840-134d60fed92a,Aleda Riordan,ariordanf@bbc.co.uk
863fe2c5-7cbf-4914-b6ec-42e22fd6b0c3,Stormy Boyat,sboyatg@jugem.jp
45ed5142-071e-4da0-8a2f-e806a078d7fb,Fern Nutty,fnuttyh@narod.ru
8d23af74-0250-460b-be2c-03533fa94693,Kerrie Freegard,kfreegardi@webeden.co.uk
4fb06c4d-f65c-4a0c-9a25-2772a0e335fe,Prent Osbidston,posbidstonj@sbwire.com
682d794e-b749-4a4f-ac4e-47c9baf22d7c,Elisa Tefft,etefftk@cisco.com
460de21c-8afd-45c5-84ee-9693f39857e9,Debi Frean,dfreanl@amazon.de
939aaa41-ca0c-48b7-b5b9-64bf80695d9f,Orton Sibborn,osibbornm@jugem.jp
b772a92a-56e4-4c33-818d-00113ae14f39,Jake Gother,jgothern@examiner.com
ddd108b9-f2fe-4476-a9ab-1896b2acbdda,Odille Herrieven,oherrieveno@constantcontact.com
f9f0b9b5-f1bd-4a37-bc5e-e95ebf785ae7,Pierette Suddards,psuddardsp@arstechnica.com
4dd8f537-27f3-4a55-ada2-23c72c077468,Tommie Christol,tchristolq@nps.gov
c94993fa-7e17-48f9-a8c5-379f19f2905b,Goldie Maccraw,gmaccrawr@freewebs.com
f280af32-c46d-4231-9b48-7b557bcdac24,Sayre Tretter,stretters@mashable.com
1d9358c5-091e-4e69-8dc2-3279e0d5bf1c,Phillie Fidelus,pfidelust@yandex.ru
e5054ed5-7f43-4a43-a862-26b679004735,Chrotoem O' Hanvey,cou@wikia.com
f309ef30-596c-47bf-b0a6-628922d40acb,Benita Tierney,btierneyv@narod.ru
7b2a800b-4315-4999-b5f5-36de480e6b81,Ulric Bothe,ubothew@foxnews.com
4e58be5a-f261-472f-b1d6-f5ea203dc710,Ferrell Hibbart,fhibbartx@tamu.edu
61dc7d4b-fd52-45ec-bf1f-8dc6c655cb4e,Lelia Iscowitz,liscowitzy@alibaba.com
4d6f23fd-b2c6-45b0-9a82-c01b65880ce4,Hercule Belden,hbeldenz@shinystat.com
a018243f-4e09-4ae0-83c9-ce30c15bab6d,Kile Stirtle,kstirtle10@cnbc.com
7c63c898-2c70-4637-825d-9e874692ff0c,Ruy Doran,rdoran11@etsy.com
c586ac54-5c72-4db2-b5ef-fb1aa192e954,Claus Ziebart,cziebart12@house.gov
22194c1e-eeeb-402c-b100-aaf357ce3d18,Keene Jillis,kjillis13@qq.com
1db66349-1f13-4b1d-8675-7366c985b628,Helli Tukely,htukely14@elegantthemes.com
737a43e8-c389-4cf2-9ee7-ba2182b5606c,Minnaminnie Towse,mtowse15@bluehost.com
fe947bbe-3fa5-4d4b-9148-f56df6f24e43,Roma Covell,rcovell16@bigcartel.com
6bb854b9-3cc6-4781-96f3-d8bfd8722a5b,Philly Ralton,pralton17@multiply.com
7af672be-bd05-438c-86da-1161a275a474,Susanna Gutcher,sgutcher18@hatena.ne.jp
21f3d375-c9e4-4d10-aa32-ec32f4486632,Augustina O'Cullinane,aocullinane19@hao123.com
6cfb61a6-705f-4edc-8eaa-425b4922a6a4,Demetria Entwhistle,dentwhistle1a@freewebs.com
8a85b7f4-9098-4dd1-8560-47d845314202,Giraldo Burleigh,gburleigh1b@xing.com
d4e2ef8f-26f3-489f-afbf-0ddc9ba5818a,Whitaker Payn,wpayn1c@google.pl
ee8a801c-e791-4c9b-8d11-8d66095ebaea,Henrik Durdle,hdurdle1d@opera.com
f697a6ef-64b4-4ef6-bbed-552745a5c086,Gerianna Beamont,gbeamont1e@fema.gov
cc0f08db-ce3c-4f1c-a19f-71a7cba2d288,Marylynne Letterese,mletterese1f@reference.com
61d26051-cd43-45d4-b3f4-d031c3d30e43,Aleece Von Salzberg,avon1g@exblog.jp
0f179c06-db72-42ce-af14-49493f41a004,Jedediah Filpo,jfilpo1h@arstechnica.com
bc1ab289-73cd-4483-9e25-c8c360515c30,Arlee Sempill,asempill1i@umn.edu
48779df5-3bf2-40ff-bf1f-fcd88f0f9224,West Hallut,whallut1j@cpanel.net
800605b7-3e4e-42f9-a4b9-58580df7ab57,Jesse O'Neal,joneal1k@unblog.fr
2211b228-48ab-445a-a9cb-f52887c9aa53,Meaghan Maypes,mmaypes1l@angelfire.com
47c257c6-a1c0-4b0f-8af7-7a564350f434,Suzanna Fairbairn,sfairbairn1m@weebly.com
eb7c07c3-985d-4585-a74a-98113ef1893d,Bret Dimblebee,bdimblebee1n@wufoo.com
989b0311-56f6-4694-8e8b-74828c89860f,Edita Lamberto,elamberto1o@vistaprint.com
1ee79806-5b2e-4d1f-b4a9-6df5e51cba92,Gloria Casarini,gcasarini1p@shutterfly.com
c940e6aa-785c-4840-be1e-de11597c4ebc,Gaylord Freathy,gfreathy1q@arstechnica.com
0c2a781a-eb33-46fb-9d6b-3146ef957b09,Jarred Iannuzzi,jiannuzzi1r@reference.com
922112dc-3b84-49ac-969f-8afe6282c252,Munroe Litzmann,mlitzmann1s@epa.gov
3d3e7680-c818-4233-8b1b-6014e7c36d4c,Bastian Portman,bportman1t@dyndns.org
3b4e24a2-dfee-436e-9e44-e54171f6acde,Lorna Meatyard,lmeatyard1u@github.com
3238dab2-e8b3-4de8-b2ce-92996c4b7093,Renie Reeks,rreeks1v@jiathis.com
f8182832-a457-4868-a892-c84ed30b8ef8,Tedi Gwinn,tgwinn1w@posterous.com
1c782de8-cdf3-4d08-9594-0d3d7e3c92d7,Carolyne Pidgeon,cpidgeon1x@t-online.de
04cee8a0-1e87-41e0-a82b-857ad8b7fcff,Jacklyn Beviss,jbeviss1y@rakuten.co.jp
82333563-dfe5-4bc8-9559-07eedc3d32fd,Mordecai Margett,mmargett1z@naver.com
18bc5039-2f31-440b-9314-d38784c191eb,Frasco Loomis,floomis20@fastcompany.com
6136884a-861c-4a81-a881-bfe4fb124d9e,Izak Artharg,iartharg21@163.com
68303753-e1e4-42d3-8f2a-e1ff43b12f49,Hillel Bedbury,hbedbury22@mozilla.com
d43a1ad2-a1f8-4562-8126-c0672898e935,Rik Murray,rmurray23@hubpages.com
5e026f1c-9e20-44a3-b433-7e7947974e21,Brunhilde Tregaskis,btregaskis24@blogspot.com
fe3d11b0-2ad8-4f4c-9ee1-11b637afe104,Pamelina Dadd,pdadd25@skype.com
0a1b1ca8-9e50-4cbd-8f70-ee7f801a58f6,Gerard Baszkiewicz,gbaszkiewicz26@networksolutions.com
610d6f60-5b98-4ca5-b126-f9889b67349d,Terese Esposi,tesposi27@cbsnews.com
e78805fb-a12a-4cd6-8add-8ab6177037b2,Lucio Matkin,lmatkin28@wiley.com
c405e063-65a1-4e7b-8ef1-51d579f93fbd,Flinn Diggar,fdiggar29@barnesandnoble.com
9acf1c43-cc06-41e2-aa81-f7edfd270b4b,Louisette Harrington,lharrington2a@gmpg.org
3ed75b12-060a-4aa7-babb-0dbf01074a96,Evvy Denyagin,edenyagin2b@huffingtonpost.com
d90e7896-980e-4520-9a28-482597a66979,Dolli Woodall,dwoodall2c@blog.com
5e5d7294-c71f-4bf0-8945-fb094f038355,Pattie Hosier,phosier2d@hao123.com
5e0f9366-c524-4208-951d-984500584634,Margaux Belli,mbelli2e@guardian.co.uk
b4d11d04-02be-4f93-80ad-d0463a23b788,Adria Vousden,avousden2f@netlog.com
7279414f-23d7-4e71-aa65-c3f27594f04a,Christoforo Strephan,cstrephan2g@purevolume.com
a0a52e2f-93ba-4aa2-9fec-383cca12b35a,Farra Sawden,fsawden2h@bandcamp.com
a8dffd88-962d-4663-9608-1003edf8e3a3,Eloise Gansbuhler,egansbuhler2i@apple.com
0412482c-19a7-427f-96ca-c1516529283f,Locke Dewire,ldewire2j@walmart.com
141ef7fc-a54a-4b21-bca9-1814d175b2ac,Oriana Hailston,ohailston2k@shutterfly.com
fd2dd2b8-e836-4885-b8d9-f0e1ee4eb699,Gabriel Brittan,gbrittan2l@yandex.ru
97dc512e-2b16-45cd-80ef-36aa8ddcd27c,Faustine Bremley,fbremley2m@cbsnews.com
4f42ae4a-852c-44c4-afb5-2c58895bc2b9,Toby Leech,tleech2n@baidu.com
93d9061c-0f2d-4145-b73f-1bdb0ba07b6e,Alie Moylan,amoylan2o@sphinn.com
1316ba84-5eed-4336-a6a0-4d956685c2fb,Nan Deek,ndeek2p@wiley.com
3cd0defc-6aa3-4b76-9d3d-498fdc2c6e74,Mil Lovering,mlovering2q@loc.gov
6bcc82b2-ff1f-448e-b251-d7a34f054185,Elmore Wadeling,ewadeling2r@mapy.cz
